[TOC]

# show命令

show engines； 查看MariaDB支持哪些存储引擎

show table status； 查看表的属性信息

show table status\G  竖排显示表的属性信息，无须再以分号结尾

show indexes from db_name  查看表db_name的索引信息

show global variables like '%storage%'； 查看全局变量,可条件过滤

select @@session.default_storage_engine；查看表的数据结构引擎

show engines； 查看所有支持的数据库引擎

show character set； 查看支持的字符集

show collation； 查看字符集排序规则

show processlist;  查看每个线程的状态列表

show global variables ; 查看全局变量

show session variables; 查看当前会话变量

show global variables like '%datadir%'； 查看变量中，包含datadir字串的信息

show ｛global，session｝ status； 查看状态变量中，每个命令执行次数

查看MySql的服务器变量：

  SHOW {GLOBAL | SESSION} VARIABLES [LIKE CLAUSE]；

  SELECT @@(GLOBAL|SESSION).VARIABLES_NAME;

查看MySql的状态变量：

  SHOW {GLOBAL | SESSION} STATUS [LIKE CLAUSE]；

动态(临时)修改变量的值：

  SET ｛GLOBAL|SESSION｝ VARIABLE_NAME='VALUE'；

让设置永久有效，修改配置文件

# select

select [表的字段名1],[表的字段名2], ... from 表名;

select * from 表名; 查询表中所有字段的信息

对一个表进行查询操作首先要熟悉表结构:

 

```
# 查询系统表
select table_name from user_tables;
```

以上的查询语句就是查询本用户下所拥有的所有表的表名.

投影操作，只查看选择的字段的信息,如SELECT

选择操作，查看字段中的特定某些信息,如WHERE

联接操作，多表查询，通过表间连接，查寻出多表中的信息

执行一次sql语句,sqlplus的buffer中会缓存最后一条sql语句，可以使用"/"来执行这最后一条sql语句，也可以使用edit命令来编辑最后一条sql语句.

## 常用select查询

select @@global.query_cache_size;  # 查看mysql缓存大小

select @@global.query_cache_type;  # on|off|demand

on：表示能缓存就缓存

off：表示不缓存

demand：按需进行缓存，只有明确写明要缓存的select语句结果才会被缓存

注意：几乎所有的缓存中，缓存的内容都是key-value格式：key是查询语句的hash码，value是查询语句的结果；

## desc

desc [表名]

describe的缩写,这是一条sqlplus命令，注意他不是sql语句，这条命令用于查看表的结构.

例1：

 

```
> desc s_emp; # 查看员工表的属性
"""
 Name Null Type
 ------------------------------------------------------------------
 ID NOT NULL NUMBER(7)
 LAST_NAME NOT NULL VARCHAR2(25)
 FIRST_NAME VARCHAR2(25)
 USERID VARCHAR2(8)
 START_DATE DATE
 COMMENTS VARCHAR2(255)
 MANAGER_ID NUMBER(7)
 TITLE VARCHAR2(25)
 DEPT_ID NUMBER(7)
 SALARY NUMBER(11,2)
 COMMISSION_PCT NUMBER(4,2)
"""
```

Name是字段名;

Null是此字段是否允许为空，not null是不允许为空;

Type是类型, number是数字类型、varchar2是字符类型，date是日期类型;

表中字段的含义：

ID: ID

LAST_NAME: 姓

FIRST_NAME: 名

START_DATE: 入职日期

COMMENTS: 说明

MANAGER_ID: 经理ID

TITLE: 职务

DEPT_ID: 部门

SALARY: 月薪

COMMISSION_PCT: 提成

例2：

 

```
desc s_dept # 查看部门表结构属性\
"""
Name Null? Type
--------------------- -------- ----------------------------
ID NOT NULL NUMBER(7)
NAME NOT NULL VARCHAR2(25)
REGION_ID (地区号) NUMBER(7)
"""
```

关键字不能拆分，sql语句，以及表名，字段名是大小写不敏感的

sql语句要以";"结尾，来表示sql语句结束，如果不加";"系统不会执行此条sql语句，并提示

在Oracle中字符显示是左对齐，数值右对齐

在select 语句中可以使用数学表达式

select [表达式（必须包含本表字段名）],[...],.... from 表名

运算的优先级的先乘除后加减，同级自左向右运算，括号改变优先级

select first_name,salary*12 from s_emp; 找出每个人的年薪

## 别名

select [字段名或表达式] ["别名"]，[...] ["..."],.... from 表名；

可以通过在字段名或表达式后加空格"别名"，可以给列，或者表达式结果其别名。

表达式别名若有空格必须加双引号。

select first_name,salary*12 annual_salary from s_emp;

（8）字符串拼接使用||符号

select 目标字段名||' '||目标字段名 from 表名；

注意：在Oracle中的字符或字符串要用单引号，双引号用来起别名

别名中需要使用空格，或是大小写敏感时需要用".."包含。

# 条件查询

*：表示所有字段

where：没有指定条件则表示显示所有。

和where组合的条件：

and：同时满足

or：满足任意一个

not：取反，非

条件子句：=，>，<，>=，<=，!=

between...and...：在..和..之间  # select * from students where Age between 10 and 20；

like：模糊匹配  # select * from students where Name like '%L%'；

rlike：模式匹配，可以使用正则表达式

 

```
> select Name,Course from students;  # 仅显示表中Name和Course字段的信息
> select Name,Course from students where Gender='M';  # 显示表中所有的男性，并且只显示其Name和Course
> select * from students where Age > 20;  # 显示表students内所有年龄大于20的信息
```

实例,新建如下表：

| ID   | Name        | Age  | Gender | Course              |
| ---- | ----------- | ---- | ------ | ------------------- |
| 1    | Linghuchong | 24   | Male   | Hamagong            |
| 2    | Huangrong   | 19   | Female | Chilianhenzhang     |
| 3    | Luwushuang  | 18   | Female | Jiuyangshengong     |
| 4    | Zhuziliu    | 52   | Male   | Pixiejianfa         |
| 5    | Chenjialuo  | 22   | Male   | Xianglongshibazhang |
| 6    | Ouyangfeng  | 70   | male   | Shenxiangbannuogong |

新增字段：class，放置于Name字段后；

将ID字段名称修改为TID；

将Age字段放置最后；

 

```
> create table db1 (ID int unsigned not null unique key auto_increment, Name char(30) not null, Age tinyint, Gender enum ('Male','Female'),Course varchar(50) null);
> show tables；
> desc db1；
> insert into db1 (Name,Age,Gender,Course) value ('Linghuchong','24','Male','Hamagong'),('Huangrong','19','Female','Chilianshenzhang'),('Luwushuang','18','Female','Jiuyangshengong'),('Zhuziliu','52','Male','Pixiejianfa'),('Chenjialuo','22','Male','Xianglongshibazhang'),('Ouyangfeng','70','Male','Shenxiangbannuogong');
> select * from db1;
> alter table db1 add Class char(10) after Name;     \\新增字段class
> alter table db1 change ID TID int unsigned not null unique key auto_increment;      \\改ID为TID字段
> alter table db1 modify Age tinyint after Course;         \\Age放置最后
> select * from db1;
```

group by col：按照指定的字段，对符合条件的行做分组，而后对每组分别做聚合计算：

avg（col_name）求平均值

sum（col_name）求和

max（col_name）最大值

min（con_name）最小值

count（col_name）统计

having：对聚合计算的结果做过滤

order by：如何排序，asc升序，desc降序

limit：只显示多少行，可接（x,y)表示略过x个显示y个

例如：

select ... from ... order by ..;

select ... from ... group by ... having ...;

select ... from ... where ...;

select ... from ... where ... group by ... limit ...;

select ... from ... having ...;

比较操作符：

between..and...：在..和..之间的范围

in （list）：指定范围内存在的值的比较测试，如 in（10，20，30，40，50）表示只在（）中比较

is null：空

is not null：不空

like：可使用通配符%和_

rlike：可使用正则表达式模式

逻辑操作符：

and

or

not

连接查询：事先将两张或多张表执行相应的join操作，而后根据 join 结果做查询；

inner join: 内连接

例如：

 

```
> select * from a inner join b on a.db1=b.db1
```

outer join: 外连接

left outer join: 左外连接，是指以左边的表为标准，用右边的表来和其做对比

right outer join:右外连接

例如：

 

```
select * from table_name1 left join table_name2 on table_name1.col_name = table_name2.col_name;  左外连接
select * from table_name1 right join table_name2 on table_name1.col_name = table_name2.col_name;  右外连接
```

natural join 自然连接，等值连接

cross join  交叉连接，笛卡尔积

联合查询：

union 

将两张表的查询结果合并成为一张表，前提是查询的字段需要相同。

例如：显示表students和表teachers中的年龄大于40的名字

 

```
> select Name,Age from students where Age >=40 union select Name,Age from teachers where Age >= 40;
```

select...from...where...group by...having...order by...limit...；

示例:

1,创建学生表

 

```
CREATE TABLE student (
    Sno INT(10) NOT NULL COMMENT '学号',
    Sname VARCHAR(16) NOT NULL COMMENT '姓名',
    Ssex CHAR(2) NOT NULL COMMENT '性别',
    Sage TINYINT(2) NOT NULL DEFAULT '0' COMMENT '年龄',
    Sdept VARCHAR(16) DEFAULT NULL COMMENT '学生所在系别',
    PRIMARY KEY (Sno),
    KEY index_Sname(Sname)
) ENGINE=INNODB AUTO_INCREMENT=1 DEFAULT CHARSET=UTF8;
```

2,创建课程表

 

```
CREATE TABLE course (
    Cno INT (10) NOT NULL COMMENT '课程号',
    Cname VARCHAR (64) NOT NULL COMMENT '课程名',
    Ccredit TINYINT (2) NOT NULL COMMENT '学分',
    PRIMARY KEY (Cno)
) ENGINE = INNODB AUTO_INCREMENT = 1 DEFAULT CHARSET = UTF8;
```

3,创建选课表

 

```
CREATE TABLE sc (
    SCid INT (12) NOT NULL AUTO_INCREMENT COMMENT '主键',
    Cno INT (10) NOT NULL COMMENT '课程号',
    Sno INT (10) NOT NULL COMMENT '学号',
    Grade TINYINT (2) NOT NULL COMMENT '学生成绩',
    PRIMARY KEY (SCid)
) ENGINE = INNODB AUTO_INCREMENT = 1 DEFAULT CHARSET = UTF8;
```

4,向学生表中插入数据

 

```
> insert into student values(0001,'宏志','男',30,'计算机网络');
> insert into student VALUES(0002,'王硕','男',30,'computer application');
> insert into student values(0003,'oldboy','男',28,'物流管理');
> insert into student values(0004,'脉动','男',29,'computer application');
> insert into student values(0005,'oldgirl','女',26,'计算机科学与技术');
> insert into student values(0006,'莹莹','女',22,'护士');
> select * from student;
+-----+---------+------+------+--------------------------+
| Sno | Sname   | Ssex | Sage | Sdept                    |
+-----+---------+------+------+--------------------------+
|   1 | 宏志    | 男   |   30 | 计算机网络               |
|   2 | 王硕    | 男   |   30 | computer applica         |
|   3 | oldboy  | 男   |   28 | 物流管理                 |
|   4 | 脉动    | 男   |   29 | computer applica         |
|   5 | oldgirl | 女   |   26 | 计算机科学与技术         |
|   6 | 莹莹    | 女   |   22 | 护士                     |
+-----+---------+------+------+--------------------------+
6 rows in set (0.01 sec)
```

5,向课程表中插入数据

 

```
> INSERT INTO course VALUES(1001,'Linux中高级运维',3);
> INSERT INTO course VALUES(1002,'Linux高级架构师',5);
> INSERT INTO course VALUES(1003,'MySQL高级DBA',4);
> INSERT INTO course VALUES(1004,'Python运维开发',4);
> INSERT INTO course VALUES(1005,'Java web开发',3);
> select * from course;
+------+----------------------+---------+
| Cno  | Cname                | Ccredit |
+------+----------------------+---------+
| 1001 | Linux中高级运维      |       3 |
| 1002 | Linux高级架构师      |       5 |
| 1003 | MySQL高级DBA         |       4 |
| 1004 | Python运维开发       |       4 |
| 1005 | Java web开发         |       3 |
+------+----------------------+---------+
5 rows in set (0.00 sec)
```

6,向选课表中插入数据

 

```
INSERT INTO sc(Sno,Cno,Grade) values(0001,1001,4);
INSERT INTO sc(Sno,Cno,Grade) values(0001,1002,3);
INSERT INTO sc(Sno,Cno,Grade) values(0001,1003,1);
INSERT INTO sc(Sno,Cno,Grade) values(0001,1004,6);

INSERT INTO sc(Sno,Cno,Grade) values(0002,1001,3);
INSERT INTO sc(Sno,Cno,Grade) values(0002,1002,2);
INSERT INTO sc(Sno,Cno,Grade) values(0002,1003,2);
INSERT INTO sc(Sno,Cno,Grade) values(0002,1004,8);

INSERT INTO sc(Sno,Cno,Grade) values(0003,1001,4);
INSERT INTO sc(Sno,Cno,Grade) values(0003,1002,4);
INSERT INTO sc(Sno,Cno,Grade) values(0003,1003,2);
INSERT INTO sc(Sno,Cno,Grade) values(0003,1004,8);

INSERT INTO sc(Sno,Cno,Grade) values(0004,1001,1);
INSERT INTO sc(Sno,Cno,Grade) values(0004,1002,1);
INSERT INTO sc(Sno,Cno,Grade) values(0004,1003,2);
INSERT INTO sc(Sno,Cno,Grade) values(0004,1004,3);

INSERT INTO sc(Sno,Cno,Grade) values(0005,1001,5);
INSERT INTO sc(Sno,Cno,Grade) values(0005,1002,3);
INSERT INTO sc(Sno,Cno,Grade) values(0005,1003,2);
INSERT INTO sc(Sno,Cno,Grade) values(0005,1004,9);
```

连表查询

 

```
> select student.Sno,student.Sname,sc.Grade from student,course,sc where student.Sno=sc.Sno and course.Cno=sc.Cno order by Sno;
```

基于某查询语句的结果再次进行的查询

第一种：用于where子句的子查询

  1，用于比较表达式中的子查询，要求子查询只能返回单个结果

   例如：显示班级中大于平均年龄的同学

​    \>select Name,Avg from students where Age > (select avg(Age) from students);

  2，用于in中的子查询，判断是否存在于指定的列表中

  3，用于exists中的子查询

第二种：用于from中的子查询

  例如：查询表students中年龄大于20的名字，并且仅显示以s开头的名字

   select s.Name from (slect * from students where Age > 20 ) as s where s.Name like 's%';

视图view：

视图就是一个存储下来的select语句，此语句有名称.类似子查询

\>help create view

\>create view view_name as select statement;

\>drop view view_name；

explain(用于分析测试mysql语句)  

\> explain select Name,Age from db1 where Age > (select avg(Age) from db1)\G

 

```
id: 1  # select语句的标识符，临时表或虚表显示为null
select_type: PRIMARY  # select语句的查询类型
simple，primary(第一个类型)，
union(其他的)
union result(union的执行结果)
subquery(子查询)
derived(用于from中的子查询)
table: db1  # 查询哪个表
type: ALL  # 访问到目标记录的方法
system：表中仅有一行
const：表中之多有一行匹配，最佳匹配,一般用于primary key或unique key索引
eq_ref：类似于const，表中至多有一个匹配到的行，一般用于联合查询时的等值比较，仅次于const
ref：
fulltext：全文索引
ref_or_null：
index_merge：使用索引合并优化的方式
unique_subquery：通常出现于in子查询中
index_subquery：类似上一个，但查询的键值不为1
range：带有范围限制的索引
index：表示全索引扫描
all：表示全表扫描
possible_keys: NULL
key: NULL
key_len: NULL
ref: NULL
rows: 6  # 这次查询所查询到的行数，越少则代表速度越快
Extra: Using where
using index
using index for group by
using filesort
pt-explian
```

\# 刷新授权表和密码表，让mysql进程重读它的内存，使修改生效。

flush privileges